Sr. No.,Name,Contact Number,Personal Email Address,Gender,Date of Birth,Address,Salary,Blood Group,Country,Saudi Arabia National ID Number,Bank Account Number,Passport Number
1,Abdul Rahman AlGhazi,+966 515151018,AbdulRahmanAlGhazi@gmail.com,Male,1/15/1981,"121, Moon Street,11564,Riyadh,Saudi Arabia","SAR 13,552.20",O+,Saudi Arabia,9337933857,SA3588786147453968379753,AA8369854
2,Akram AlRiyadh,+966 539267160,AkramAlRiyadh@gmail.com,Male,10/19/1990,"Al Msaneea Dist. P.O.Box 5703 Postal Code 11432,Riyadh,Saudi Arabia","SAR 16,470.60",A+,Saudi Arabia,9920200793,SA9541998123861653336945,AB8369855
3,Faisal AlJarrah,+966 554226715,FaisalAlJarrah@gmail.com,Male,3/30/1988,"Bab Makkah Dist.4265,Jeddah,Saudi Arabia","SAR 16,874.70",AB-,Saudi Arabia,9781828867,SA7243216352686968956274,AC8369856
4,Fawaz AlSalem,+966 549997910,FawazAlSalem@gmail.com,Male,11/12/1988,"Manfouha Dist.40654,Riyadh,Saudi Arabia","SAR 17,497.80",B+,Saudi Arabia,9071754224,SA4731471919516277655187,BA8369857
5,Khalid AlFarhan,+966 560883985,KhalidAlFarhan@gmail.com,Male,8/25/1987,"Nazlah,Jeddah,Saudi Arabia","SAR 15,953.20",O-,Saudi Arabia,5864003499,SA7043945764148748237855,BB8369858
6,Khalil AlAhmadi,+966 589214730,KhalilAlAhmadi@gmail.com,Male,1/25/1989,"P.O. Box: 5700,Jeddah,Saudi Arabia","SAR 17,426.90",A-,Saudi Arabia,7831648604,SA8833737443694719814858,BC8369859
7,Majid AlSalem,+966 596163065,MajidAlSalem@gmail.com,Male,11/4/1980,"P.O.Box No : 18118 Jeddah 21415,Jeddah,Saudi Arabia","SAR 13,746.10",O+,Saudi Arabia,3772288018,SA9095344931377993488488,CA8369860
8,Riyad AlQahtani,+966 504787810,RiyadAlQahtani@gmail.com,Male,8/25/1988,"Al Khobar 31952 P.O.Box 2154,Al Khobar,Saudi Arabia","SAR 15,854.50",AB+,Saudi Arabia,3931143438,SA9223372036854775807701,CB8369861
9,Saleh AlJaber,+966 505671955,SalehAlJaber@gmail.com,Male,11/21/1987,"Rouwais,Jeddah,Saudi Arabia","SAR 13,161.80",B-,Saudi Arabia,8893026888,SA1234567890123456789011,CC8369862
10,Yahya AlHajj,+966 518001030,YahyaAlHajj@gmail.com,Male,11/2/1991,"Mushrifah Dist. Jeddah P.O.Box : 9879,Jeddah,Saudi Arabia","SAR 14,553.50",O+,Saudi Arabia,6342519425,SA1234567891123456789112,DA8369863
11,Nawaf AlQassim,+966 543412745,NawafAlQassim@gmail.com,Male,8/28/1983,"P.O. Box: 8280,Riyadh,Saudi Arabia","SAR 19,780.70",AB+,Saudi Arabia,6234960738,SA1234567892123456789213,DB8369864
12,Nasser AlOmar,+966 554928940,NasserAlOmar@gmail.com,Male,5/17/1989,"Sharafiyah Dist.6,Jeddah,Saudi Arabia","SAR 18,711.60",B+,Saudi Arabia,7927093011,SA1234567893123456789314,DC8369865
13,Saad AlNasser,+966 531507265,SaadAlNasser@gmail.com,Male,2/24/1992,"Bareed,Dammam,Saudi Arabia","SAR 16,646.50",B+,Saudi Arabia,9405664318,SA1234567894123456789415,EA8369866
14,Khaled AlNasser,+966 569789890,KhaledAlNasser@gmail.com,Male,9/1/1988,"2nd Industrial City35529,Riyadh,Saudi Arabia","SAR 16,789.70",O-,Saudi Arabia,1498166328,SA1234567895123456789516,EB8369867
15,Jaber AlHashim,+966 563574135,JaberAlHashim@yahoo.com,Male,6/13/1984,"Derah Dist.2922,Riyadh,Saudi Arabia","SAR 17,203.00",A-,Saudi Arabia,9203290105,SA1234567896123456789617,EC8369868
16,Faisal AlHarbi,+966 580283190,FaisalAlHarbi@yahoo.com,Male,10/27/1992,"P.O. Box: 9057,Jeddah,Saudi Arabia","SAR 17,222.50",O+,Saudi Arabia,4838507400,SA1234567897123456789718,FA8369869
17,Faisal AlAbdullah,+966 501035255,FaisalAlAbdullah@yahoo.com,Male,5/1/1987,"Rouwais,Jeddah,Saudi Arabia","SAR 18,575.50",AB-,Saudi Arabia,5007597617,SA1234567898123456789819,FB8369870
18,Fahad AlOmar,+966 530226940,FahadAlOmar@yahoo.com,Male,9/25/1980,"P.O. Box: 9057,Jeddah,Saudi Arabia","SAR 11,776.30",O+,Saudi Arabia,8783368048,SA1234567899123456789920,FC8369871
19,Abdulaziz AlHariri,+966 593132015,AbdulazizAlHariri@yahoo.com,Male,3/5/1983,"2nd Industrial City35529,Riyadh,Saudi Arabia","SAR 19,190.00",A+,Saudi Arabia,3643120517,SA1234567900123456790021,GA8369872
20,Adel AlDosari,+966 516655500,AdelAlDosari@yahoo.com,Male,2/28/1982,"Sulaimaniyah Dist.10598,Riyadh,Saudi Arabia","SAR 17,882.00",A+,Saudi Arabia,7326776828,SA1234567901123456790122,GB8369873
21,Abdulaziz AlTalib,+966 530231550,AbdulazizAlTalib@yahoo.com,Male,10/6/1980,"P.O. Box: 31865,Jeddah,Saudi Arabia","SAR 19,432.70",B+,Saudi Arabia,9212258425,SA1234567902123456790223,GC8369874
22,Salem AlSaud,+966 556070201,SalemAlSaud@yahoo.com,Male,3/18/1981,"P.O. Box: 1399,Riyadh,Saudi Arabia","SAR 16,967.30",AB+,Saudi Arabia,5302803050,SA1234567903123456790324,HA8369875
23,Tariq AlYami,+966 546756225,TariqAlYami@yahoo.com,Male,2/4/1986,"Ulaya,Riyadh,Saudi Arabia","SAR 15,859.40",A-,Saudi Arabia,5292646228,SA1234567904123456790425,HB8369876
24,Yousef AlMalik,+966 594428802,YousefAlMalik@yahoo.com,Male,11/3/1982,"P.O. Box: 31866,Jeddah,Saudi Arabia","SAR 19,237.10",O+,Saudi Arabia,7692179205,SA1234567905123456790526,HC8369877
25,Bandar AlThani,+966 583662652,BandarAlThani@yahoo.com,Male,9/19/1981,"P.O. Box: 22801,Jeddah,Saudi Arabia","SAR 19,175.70",AB+,Saudi Arabia,5429609734,SA1234567906123456790627,IA8369878
26,Bandar AlOmar,+966 590346103,BandarAlOmar@yahoo.com,Male,3/28/1987,"P.O. Box: 11652,Dammam,Saudi Arabia","SAR 14,759.10",B+,Saudi Arabia,6072287745,SA1234567907123456790728,IB8369879
27,Yousif AlSaud,+966 568503853,YousifAlSaud@yahoo.com,Male,4/11/1986,"P.O. Box: 924,Jeddah,Saudi Arabia","SAR 16,829.40",O-,Saudi Arabia,8229119718,SA1234567908123456790829,IC8369880
28,Yusuf AlAjaji,+966 549439104,YusufAlAjaji@yahoo.com,Male,4/25/1988,"P.O. Box: 6126,Jeddah,Saudi Arabia","SAR 15,908.40",O+,Saudi Arabia,9472456128,SA1234567909123456790930,JA8369881
29,Saad AlJaber,+966 501900854,SaadAlJaber@yahoo.com,Male,11/23/1984,"Murabba,Riyadh,Saudi Arabia","SAR 15,620.40",AB+,Saudi Arabia,3663871779,SA1234567910123456791031,JB8369882
30,Majed Almuzayen,+966 538997305,MajedAlmuzayen@rediffmail.com,Male,11/24/1991,"P.O.Box No : 18118 Jeddah 21415,Jeddah,Saudi Arabia","SAR 17,241.90",B+,Saudi Arabia,8055675043,SA1234567911123456791132,JC8369883
31,Amira AlAbbas,+966 536690855,AmiraAlAbbas@rediffmail.com,Female,11/12/1983,"Deerah,Riyadh,Saudi Arabia","SAR 17,794.10",O+,Saudi Arabia,3387282017,SA1234567912123456791233,KA8369884
32,Jumana AlThani,+966 555154906,JumanaAlThani@rediffmail.com,Female,6/26/1980,"P.O. Box: 132618,Jeddah,Saudi Arabia","SAR 14,677.10",A+,Saudi Arabia,6722838622,SA1234567913123456791334,KB8369885
33,Ghada AlQurashi,+966 519097756,GhadaAlQurashi@rediffmail.com,Female,10/13/1985,"P.O. Box: 4834,Jeddah,Saudi Arabia","SAR 16,132.50",A+,Saudi Arabia,8491467157,SA1234567914123456791435,KC8369886
34,Jawaher AlMasoud,+966 586559107,JawaherAlMasoud@rediffmail.com,Female,6/6/1980,"Old Industrial87,Riyadh,Saudi Arabia","SAR 18,284.60",B+,Saudi Arabia,4316654070,SA1234567915123456791536,LA8369887
35,Layla Abdulaziz,+966 568382157,LaylaAbdulaziz@rediffmail.com,Female,11/10/1985,"P.O. Box: 9057,Jeddah,Saudi Arabia","SAR 16,657.60",AB+,Saudi Arabia,2195144214,SA1234567916123456791637,LB8369888
36,Layan AlSaud,+966 512337908,LayanAlSaud@rediffmail.com,Female,4/20/1980,"P.O. Box: 84261,Riyadh,Saudi Arabia","SAR 13,108.30",A-,Saudi Arabia,5540185234,SA1234567917123456791738,LC8369889
37,Layla AlYousef,+966 504400158,LaylaAlYousef@rediffmail.com,Female,1/3/1992,"2nd Industrial City Makkah Street,Dammam,Saudi Arabia","SAR 18,907.00",O-,Saudi Arabia,4422156357,SA1234567918123456791839,MA8369890
38,Maha AlSalim,+966 554635709,MahaAlSalim@rediffmail.com,Female,9/3/1987,"Sharafiyah Dist.15607,Jeddah,Saudi Arabia","SAR 16,791.90",A-,Saudi Arabia,2847686123,SA1234567919123456791940,MB8369891
39,Rania AlKhalaf,+966 594475400,RaniaAlKhalaf@rediffmail.com,Female,9/23/1981,"P.O.Box No : 4 Jeddah 21411,Jeddah,Saudi Arabia","SAR 17,060.00",O+,Saudi Arabia,1457561507,SA1234567920123456792041,MC8369892
40,Nora AlShamari,+966 592692159,NoraAlShamari@rediffmail.com,Female,9/18/1984,"Mujammah,Dammam,Saudi Arabia","SAR 15,083.00",AB-,Saudi Arabia,9193965534,SA1234567921123456792142,NA8369893
41,Nadia AlRiyashi,+966 586683150,NadiaAlRiyashi@rediffmail.com,Female,4/23/1983,"P.O. Box: 5700,Jeddah,Saudi Arabia","SAR 19,246.70",O+,Saudi Arabia,2507115165,SA1234567922123456792243,NB8369894
42,Nada AlHajj,+966 563430401,NadaAlHajj@rediffmail.com,Female,4/19/1987,"P.O. Box: 257,Dammam,Saudi Arabia","SAR 19,708.00",A+,Saudi Arabia,3845092165,SA1234567923123456792344,NC8369895
43,Yara AlGhurair,+966 547028551,YaraAlGhurair@rediffmail.com,Female,12/28/1986,"P.O. Box: 9,Al Khobar,Saudi Arabia","SAR 18,639.20",B+,Saudi Arabia,7081814859,SA1234567924123456792445,OA8369896
44,Fatima AlRiyami,+966 500367202,FatimaAlRiyami@rediffmail.com,Female,10/22/1980,"Mujammah,Dammam,Saudi Arabia","SAR 13,535.90",O-,Saudi Arabia,6248377147,SA1234567925123456792546,OB8369897
45,Dalal AlDossari,+966 506348752,DalalAlDossari@rediffmail.com,Female,4/18/1980,"P.O. Box: 4835,Jeddah,Saudi Arabia","SAR 15,308.80",A-,Saudi Arabia,5753338795,SA1234567926123456792647,OC8369898
46,Nadia AlHussein,+966 516870103,NadiaAlHussein@gmail.com,Female,9/8/1985,"Misfah Dist.,Riyadh,Saudi Arabia","SAR 15,867.30",O+,Saudi Arabia,9191103103,SA1234567927123456792748,PA8369899
47,Lujain AlMansour,+966 539201553,LujainAlMansour@yahoo.com,Female,10/29/1980,"P.O. Box: 13168,Jeddah,Saudi Arabia","SAR 10,275.90",AB+,Saudi Arabia,2281974351,SA1234567928123456792849,PB8369900
48,Noor AlMahmoud,+966 546165104,NoorAlMahmoud@gmail.com,Female,8/27/1992,"P.O. Box: 1692,Jeddah,Saudi Arabia","SAR 14,764.90",O+,Saudi Arabia,6401618218,SA1234567929123456792950,PC8369901
49,Reem AlSulaiman,+966 583386854,ReemAlSulaiman@yahoo.com,Female,9/17/1988,"Khobar,Dammam,Saudi Arabia","SAR 13,648.80",A+,Saudi Arabia,3738177479,SA1234567930123456793051,QA8369902
50,Samar AlRashid,+966 564307805,SamarAlRashid@rediffmail.com,Female,9/10/1985,"P.O.Box No : 17353 Jeddah 21484,Jeddah,Saudi Arabia","SAR 13,629.50",B+,Saudi Arabia,6027313182,SA1234567931123456793152,QB8369903
,,,,,,,,,,,,
